1,Hugibert,Naranjos,10000
2,Berenice,Waekolong,10100
3,Yale,Sionogan,10200
4,Crysta,Xibër-Murrizë,10300
5,Sheffield,Hinapalanan,10400
6,Celeste,Lipinki Łużyckie,10500
7,Lovell,Ten’gushevo,10600
8,Sammie,Salaš Crnobarski,10700
9,Bard,Stepojevac,10800
10,Sylvia,Klavdiyevo-Tarasove,10900
11,Gene,Alcalá,11000
12,Cyb,Tojal,11100
13,Marco,Delta del Tigre,11200
14,Fawne,Wudabao,11300
15,Nanette,Greenville,11400
16,Holt,Znojmo,11500
17,Redd,Marne-la-Vallée,11600
18,Dodi,Zerkten,11700
19,Brianna,Cacheu,11800
20,Christina,San Antonio Oeste,11900
21,Mart,Dahu,12000
22,Alfredo,Wang’er,12100
23,Bogart,El Perico,12200
24,Brig,Herálec,12300
25,Elene,Kraljevica,12400
26,Tremain,Şaḩneh,12500
27,Iago,Bamenda,12600
28,Con,Novokuz’minki,12700
29,Tamiko,Žirovnica,12800
30,Kipper,Wudil,12900
31,Hyacinthia,Capela,13000
32,Marje,Pushkin,13100
33,Jillane,Laizhou,13200
34,Katharine,Uromi,13300
35,Marisa,Cabanbanan,13400
36,Nataline,Wolonio,13500
37,Harv,Tonghae,13600
38,Theadora,Koysinceq,13700
39,Nicky,El Corozo,13800
40,Timmy,Plaza Huincul,13900
41,Alexander,Douarnenez,14000
42,Edmon,Riachão das Neves,14100
43,Val,Banjar Tiga,14200
44,Justis,Sabi,14300
45,Ev,Sobinka,14400
46,Meggy,Tuwa,14500
47,Moira,Siak Sri Indrapura,14600
48,Clarey,Khulna,14700
49,Guido,Reading,14800
50,Luigi,Kamenné Žehrovice,14900
51,Nalani,Ungca,15000
52,Cinnamon,Brest,15100
53,Etheline,El Carmen,15200
54,Eberhard,Nevel’,15300
55,Jacinthe,Ningmute,15400
56,Hayley,Estancia,15500
57,Eran,Sagae,15600
58,Luci,Łagów,15700
59,Isobel,Santiago de Chuco,15800
60,Verile,Yonghe,15900
61,Ian,Pasto,16000
62,Hamlin,Luoxi,16100
63,Diego,Rodópoli,16200
64,Ninnetta,Bouça,16300
65,Boris,Sankanan,16400
66,Alleen,Wangsi,16500
67,Katharyn,Ipoh,16600
68,Margit,Swellendam,16700
69,Stefania,Černelavci,16800
70,Regan,Mirsk,16900
71,Gui,Chengnan,17000
72,Koo,Oleksandriya,17100
73,Arly,Seč,17200
74,Nollie,Kadumelati,17300
75,Starlin,Anshan,17400
76,Wadsworth,Clorinda,17500
77,Lenee,Saransk,17600
78,Byrann,Bantiran,17700
79,Eula,Guluoshan,17800
80,Mersey,Suwaru,17900
81,Kayla,Rancabolang,18000
82,Colette,Wiwilí,18100
83,Abbey,Shah Alam,18200
84,Moore,Kropotkin,18300
85,Abel,Kulutan,18400
86,Ruttger,Melaka,18500
87,Lucius,Cengjia,18600
88,Maddy,Saryshaghan,18700
89,Antonino,Sydney,18800
90,Bengt,Vlycháda,18900
91,Carissa,Cogon,19000
92,Andy,San José,19100
93,Faina,Sobral,19200
94,Dollie,Thatta,19300
95,Teodorico,Moosomin,19400
96,Cece,Jingdang,19500
97,Katusha,Jinggan,19600
98,Ferrel,Vienna,19700
99,Kimball,Bystrzyca,19800
100,Eli,Przyborów,19900
101,Allen,Frutal,20000
102,Leanora,Tucdao,20100
103,Cos,Renhe,20200
104,Kirbie,Akoupé,20300
105,Dallas,Las Americas,20400
106,Hube,Venëv,20500
107,Damian,Jiaotang,20600
108,Bessie,Shahrak-e Bākharz,20700
109,Quentin,L'Union,20800
110,Cristian,Giado,20900
111,Nikolaos,Genova,21000
112,Mureil,Härnösand,21100
113,Arabela,Tuqiao,21200
114,Boony,Stockholm,21300
115,Alidia,Narimanov,21400
116,Nora,Manay,21500
117,Ranice,Pangatikan,21600
118,Liza,San Jacinto,21700
119,Jayne,Princeville,21800
120,Allx,Novallas,21900
121,Antonino,Cockburn Town,22000
122,Mel,Guacara,22100
123,Linnie,Privlaka,22200
124,Gabrielle,Hiratachō,22300
125,Manny,Artsvanist,22400
126,My,Rokoy,22500
127,Ursulina,El Carmen,22600
128,Morissa,Wedangtemu,22700
129,Leola,Xilin,22800
130,Karoly,Maogang,22900
131,Gayleen,Sokarame,23000
132,Franky,Papágou,23100
133,Micky,Meudon,23200
134,Rosie,Albania,23300
135,Barry,Güiria,23400
136,Cart,Barreiras,23500
137,Jada,Rentung,23600
138,Joyan,Kalate,23700
139,Dallas,Amparita,23800
140,Veronica,Mangaldan,23900
141,Aldric,Sāqayn,24000
142,Nancy,Llipa,24100
143,Dana,Alejal,24200
144,Eleni,Kostarea Satu,24300
145,Herb,Youfang,24400
146,Dorrie,Williston,24500
147,Emmery,Bumba,24600
148,Iolande,Pacaraos,24700
149,Mariska,Napier,24800
150,Dane,Srostki,24900
151,Dominic,Ji’ergele Teguoleng,25000
152,Bernette,San José Acatempa,25100
153,Thaddeus,Babakanbandung,25200
154,Marina,Kista,25300
155,Harwilll,Stoczek,25400
156,Westbrook,Pongol,25500
157,Maude,Yantak,25600
158,Fanni,Sabang,25700
159,Reggi,Eiguliai,25800
160,Buckie,Svilengrad,25900
161,Othello,Inari,26000
162,Bale,Leitões,26100
163,Flss,Le Havre,26200
164,Read,Čajetina,26300
165,Benjie,Czudec,26400
166,Sella,Örebro,26500
167,Thoma,Le Mans,26600
168,Ynes,Settat,26700
169,Michael,Daniwato,26800
170,Kilian,Lanlongkou,26900
171,Cassondra,Lakshmīpur,27000
172,Kelsey,Zhonglong,27100
173,Devonna,Mulanje,27200
174,Andeee,Souq Larb’a al Gharb,27300
175,Thibaud,Krasnyy Oktyabr’,27400
176,Gerrilee,Suqiaoxiang,27500
177,Carny,Sundsvall,27600
178,Ricard,Sintansin,27700
179,Aurea,Ganja,27800
180,Dreddy,Ronneby,27900
181,Greer,Santa Ana Huista,28000
182,Claude,Urzuf,28100
183,Demeter,Cipicung,28200
184,Christal,Pyhäntä,28300
185,Denni,Bistrinci,28400
186,Theressa,Los Palacios,28500
187,Cristionna,Sada,28600
188,Rici,Pirassununga,28700
189,Electra,Shangcun,28800
190,Augustin,Maluso,28900
191,Hope,Qumudi,29000
192,Carlene,Syracuse,29100
193,Lynnell,Manga,29200
194,Deloris,Taldom,29300
195,Izak,Campo Maior,29400
196,Margalit,Forquilhinha,29500
197,Roshelle,Bŭka,29600
198,Baldwin,Urung,29700
199,Wynn,Bergen,29800
200,Winfred,Sens,29900
201,Augustus,Krokeaí,30000
202,Debora,Alto Barinas,30100
203,Dagny,Všemina,30200
204,Cort,Vysočany,30300
205,Marigold,Paris 08,30400
206,Garvy,Miribel,30500
207,Herta,Brades,30600
208,Pepita,Châtellerault,30700
209,Jo-ann,Vallehermoso,30800
210,Margalo,Chalamarca,30900
211,Allie,Gon’ba,31000
212,Reagen,Kombapari,31100
213,Jayme,Umi,31200
214,Jack,Wutun,31300
215,Amory,Bauru,31400
216,Isahella,Montpellier,31500
217,Hakim,Anguera,31600
218,Seline,Lautaro,31700
219,Laurent,Linstead,31800
220,Richie,Venezia,31900
221,Griffy,Momignies,32000
222,Ava,Cullinan,32100
223,Morly,Wadeng,32200
224,Orland,Il’ya,32300
225,Petronilla,Kassándreia,32400
226,Lesya,San Agustín,32500
227,Frederic,Vylkove,32600
228,Bronnie,Capandanan,32700
229,Kayley,Bandjoun,32800
230,Callie,Shangani,32900
231,Carleton,Gravatá,33000
232,Daryn,Sukarame,33100
233,Katinka,Dologon,33200
234,Roddy,Puerto Quijarro,33300
235,Jean,Gaobu,33400
236,Ray,Sumeng,33500
237,Koral,Kryevidh,33600
238,Conan,Tukan,33700
239,Caleb,Ekerö,33800
240,Lovell,Verkhneye Kazanishche,33900
241,Justino,Fukagawa,34000
242,Amalita,Jiangjia,34100
243,Winne,Shikhany,34200
244,Jena,Shichuan,34300
245,Julissa,Komletinci,34400
246,Freeman,Shimen,34500
247,Lazarus,Silago,34600
248,Lorilee,Kungälv,34700
249,Cristal,Sinop,34800
250,Rorke,Broby,34900
251,Tallia,Bilhorod-Dnistrovs’kyy,35000
252,Evyn,Daoxu,35100
253,Gonzales,Aimin,35200
254,Jessey,Moravče,35300
255,Robena,Dan Khun Thot,35400
256,Amble,Jataí,35500
257,Fifi,Zhangjiabao,35600
258,Rosy,Siguinon,35700
259,Eugine,Eséka,35800
260,Meghan,Saint-Dizier,35900
261,Prentiss,Baitu,36000
262,Ive,Monching,36100
263,Toby,Černožice,36200
264,Georgiana,Vilela,36300
265,Aleda,Fuxing,36400
266,Fiona,Bus’k,36500
267,Mick,Koszarawa,36600
268,Swen,Mardakyany,36700
269,Meggie,Casal,36800
270,Clair,Pasirpanjang,36900
271,Rustie,Nagai,37000
272,Blake,Beigou,37100
273,Euphemia,Chenzhouzhai,37200
274,Gilberto,Hernández,37300
275,Ikey,Santa Venera,37400
276,Cher,Naples,37500
277,Britt,Tondano,37600
278,Ella,Matmata,37700
279,Georgy,Francisco Morato,37800
280,Terrill,Uticyacu,37900
281,Tisha,Shāhpur Chākar,38000
282,Gal,Zhongzi,38100
283,Flynn,Johanneshov,38200
284,Jakie,Trzcinica,38300
285,Elva,Berber,38400
286,Herold,Dongbang,38500
287,Kaia,Villa Ocampo,38600
288,Sibylle,Szelków,38700
289,Dennie,Stará Ves nad Ondřejnicí,38800
290,Imojean,Eišiškės,38900
291,Goober,Icheon-si,39000
292,Sawyere,Chouto,39100
293,Gasparo,Frontignan,39200
294,Jamison,Batelov,39300
295,Aubert,Shimokizukuri,39400
296,Beaufort,Likasi,39500
297,Beverlee,Pasembon,39600
298,Janka,Breia,39700
299,Gussy,Honglong,39800
300,Mathilda,Jiantang,39900
301,Bambi,Kýthnos,40000
302,Gun,Elat,40100
303,Roch,Ngluweng Dua,40200
304,Prentiss,Banjar Sebual,40300
305,Dorelia,Długosiodło,40400
306,Yoshi,Quesada,40500
307,Amara,Moramanga,40600
308,Petey,Lukashin,40700
309,Wanids,Peixing,40800
310,Shoshana,Paris 07,40900
311,Edsel,Serowe,41000
312,Bonnee,Palama,41100
313,Scottie,Dongyuan,41200
314,Ethelin,Beolgyo,41300
315,Hart,Bei’an,41400
316,Tamarra,Kushtia,41500
317,Andra,Zhongchuan,41600
318,Ezekiel,Igurubi,41700
319,Mason,Río de Jesús,41800
320,Marline,Kolyvan’,41900
321,Shaughn,Soe,42000
322,Niki,Trondheim,42100
323,Antonius,Xiaoshan,42200
324,Frederique,Hässleholm,42300
325,Claribel,Olsztyn,42400
326,Abbie,Shanghuang,42500
327,Steven,Yanahuanca,42600
328,Laurie,Kebonsari,42700
329,Muriel,Piekoszów,42800
330,Misty,Miribel,42900
331,Clem,Chagang,43000
332,Dalt,Zaporizhzhya,43100
333,Angie,Kołczygłowy,43200
334,Felicia,Helsingborg,43300
335,Corrianne,Guyang,43400
336,Dareen,Cumanacoa,43500
337,Dory,Sokal’,43600
338,Husein,An Naşşārīyah,43700
339,Arnaldo,Youguzhuang,43800
340,Garrard,Biên Hòa,43900
341,Wylie,Alcáçovas,44000
342,Janette,Borova,44100
343,Clay,Čakovec,44200
344,Melodie,Hongmiao,44300
345,Eileen,Chavão,44400
346,Peterus,Stockholm,44500
347,Cob,Bantarmangu,44600
348,Meta,Isiro,44700
349,Gavan,Hisings Kärra,44800
350,Marianne,Chirilagua,44900
351,Ferdie,Juàzeirinho,45000
352,Bernhard,Nangabere,45100
353,Denna,Pridraga,45200
354,Osgood,Dundbürd,45300
355,Michell,Pulau Tiga,45400
356,Merrili,Pueblo Nuevo,45500
357,Novelia,Luleå,45600
358,Had,Ladner,45700
359,Clyve,Sungi Liput,45800
360,Teddie,Strelka,45900
361,Jenine,Juli,46000
362,Lawry,Longka,46100
363,Sebastian,Messina,46200
364,Ysabel,Caála,46300
365,Karlee,Tanghu,46400
366,Syd,Sargodha,46500
367,Beau,Wąbrzeźno,46600
368,Clayson,Huatanshan,46700
369,Kial,Celje,46800
370,Latashia,Pushkin,46900
371,Ritchie,Houston,47000
372,Anetta,Shunling,47100
373,Conn,Marcos Juárez,47200
374,Lockwood,La Romana,47300
375,Clayborne,Baz,47400
376,Noellyn,San Francisco,47500
377,Tony,Hedong,47600
378,Shurwood,Lisakovsk,47700
379,Benn,Ferraria,47800
380,Arlette,Sapadun,47900
381,Ivy,Abangay,48000
382,Leanor,Santa Bárbara d'Oeste,48100
383,Sanders,Licupis,48200
384,Yorgos,Maulavi Bāzār,48300
385,Weston,Las Flores,48400
386,Drew,Kiten,48500
387,Zita,Ramada,48600
388,Brina,Cuijiaqiao,48700
389,Rusty,Shangbahe,48800
390,Zoe,Quwaysinā,48900
391,Michaeline,Yayao,49000
392,Sarene,Shangyuan,49100
393,Carry,Niort,49200
394,Ase,Purísima,49300
395,Karoly,Oliveirinha,49400
396,Cristian,Yanping,49500
397,Penrod,Pubu,49600
398,Melina,Stockholm,49700
399,Aeriell,Estância Velha,49800
400,Abigael,San Manuel,49900
401,Natalee,Nikki,50000
402,Edi,Cirahab,50100
403,Christyna,San Celestio,50200
404,Inga,Khorixas,50300
405,Malissa,Centre de Flacq,50400
406,Killie,Sainte-Agathe-des-Monts,50500
407,Wendie,Florencia,50600
408,Herve,Tsagaanchuluut,50700
409,Eileen,Minneapolis,50800
410,Tracee,Quitilipi,50900
411,Neddie,Genisséa,51000
412,Rice,Naranjos,51100
413,Bessie,Sobue,51200
414,Peg,Claremont,51300
415,Marianne,Slobodka,51400
416,Aimee,Zhangjiaji,51500
417,Brett,Motupe,51600
418,Benoite,Dobřív,51700
419,Alejandrina,Huurch,51800
420,Corly,Boulogne-sur-Mer,51900
421,Pauline,Shenshan,52000
422,Nikola,Pupiales,52100
423,Marietta,Songjiang,52200
424,Ian,Constanza,52300
425,Amalle,Reims,52400
426,Feliks,Nueva Esperanza,52500
427,Valli,Santo Tomás,52600
428,Gretal,Dingli,52700
429,Rufe,Bu‘eina,52800
430,Allen,Lichengdao,52900
431,Nicolette,Weiyang,53000
432,Nedi,Wailebe,53100
433,Ikey,Srono,53200
434,Phillie,Lumbardhi,53300
435,Julius,Negara,53400
436,Emelyne,Pallasovka,53500
437,Helena,Portel,53600
438,Ahmed,Serawai,53700
439,Onfre,Huangjindong,53800
440,Lanita,Irákleion,53900
441,Aaron,Toguchin,54000
442,Toddy,Marseille,54100
443,Marieann,Itapuí,54200
444,Eve,20 de Noviembre,54300
445,Dion,Paôy Pêt,54400
446,Garnet,Kamieniec Ząbkowicki,54500
447,Lani,Göteborg,54600
448,Maryanne,Bantogon,54700
449,Thea,Yushugou,54800
450,Stepha,Chlumec nad Cidlinou,54900
451,Annalee,Xieji,55000
452,Cosimo,Göteborg,55100
453,Monro,Plaza Huincul,55200
454,Blanch,Rrasa e Sipërme,55300
455,Dorthea,Daqiao,55400
456,Zena,Ermidas do Sado,55500
457,Eolanda,Isaka,55600
458,Birgit,La Peña,55700
459,Bar,Sidamulya Satu,55800
460,Rebe,Huanglong,55900
461,Alejandrina,Dagur,56000
462,Emelita,Reforma,56100
463,Henrieta,Benito Juarez,56200
464,Josefa,Kupahandap,56300
465,Luise,Avignon,56400
466,Lucilia,Gamovo,56500
467,Adelaide,Léo,56600
468,Evita,Bologoye,56700
469,Fayina,Curití,56800
470,Lorita,Fairbanks,56900
471,Dona,Yizhivtsi,57000
472,Allistir,Hyesan-dong,57100
473,Syman,Krajan,57200
474,Marlon,Kalinkavichy,57300
475,Vidovic,Xi’an,57400
476,Ninon,Ambat,57500
477,Willabella,Załuski,57600
478,Selle,Rū-ye Sang,57700
479,Shayne,Mahīn,57800
480,Westley,Matadi,57900
481,Kurtis,Jankowice,58000
482,Christoforo,Non Narai,58100
483,Darwin,Jiancheng,58200
484,Eolande,Rio Grande,58300
485,Martita,Wagar,58400
486,Zsazsa,Primorsko,58500
487,Clement,Tiang,58600
488,Haywood,Capela,58700
489,Philly,Manzanares,58800
490,Horst,Grand Rapids,58900
491,Shelby,Mazra‘at Bayt Jinn,59000
492,Petrina,Hita,59100
493,Camilla,Néa Plágia,59200
494,Inge,Fenghua,59300
495,Ofilia,Leipzig,59400
496,Sean,Água Preta,59500
497,Danella,Bauru,59600
498,Stanton,Angadanan,59700
499,Giff,Nice,59800
500,Simeon,Qihama,59900
501,Darci,Mengxi,60000
502,Walliw,Sumbergebang,60100
503,Pet,Kabor,60200
504,Hollie,Dzüünbulag,60300
505,Olag,Bum Bum,60400
506,Dall,Thanatpin,60500
507,Carey,Paraipaba,60600
508,Cathe,Edgeworthstown,60700
509,Benedick,Belišće,60800
510,Romonda,Hernández,60900
511,Petra,Tierralta,61000
512,Nertie,Manhan,61100
513,Jeannette,Liuhu,61200
514,Zack,Talospatang,61300
515,Thibaud,Bolgar,61400
516,Smitty,Matur,61500
517,Mitch,Changleng,61600
518,Winona,Baikui,61700
519,Carine,Oxbow,61800
520,Shani,Bárrio,61900
521,Ken,Sigetec,62000
522,Carilyn,Bandera,62100
523,Tobi,Jorowaru Daya,62200
524,Brewster,Kargowa,62300
525,Karel,Lebu,62400
526,Carver,El Limón,62500
527,Eugenio,Mont-Joli,62600
528,David,Sindang,62700
529,Brynn,Íquira,62800
530,Delmer,Tonga,62900
531,Gael,Port-aux-Français,63000
532,Mignonne,Dhamār,63100
533,Ginny,Changbao,63200
534,Jessy,Puerto Santander,63300
535,Beth,Ulan Hua,63400
536,Isobel,Heilongkou,63500
537,Guglielmo,Cabeça Gorda,63600
538,Dulcy,Dongchen,63700
539,Piper,El Charco,63800
540,Gwenny,Tetyushi,63900
541,Madelena,Omurtag,64000
542,Brit,Rio Claro,64100
543,Ottilie,Konstancin-Jeziorna,64200
544,Nanice,Nhà Bè,64300
545,Nevile,Nowe Brzesko,64400
546,Atlante,Gorzów Wielkopolski,64500
547,Zabrina,Buyant,64600
548,Codie,Xianyan,64700
549,Maye,Gelap,64800
550,Susanna,Krajan Dua Patempuran,64900
551,Niles,Andapa,65000
552,Adele,Kāleke Mandi,65100
553,Feodor,Iturama,65200
554,Curry,Kharkiv,65300
555,Blair,Petropavlovka,65400
556,Diandra,Guanshui,65500
557,Lea,Xingdian,65600
558,Cortney,Lyon,65700
559,Moll,Midoun,65800
560,Anne-marie,Saint-Denis,65900
561,Charlton,Maputi,66000
562,Cher,Wróblew,66100
563,Liuka,Lamía,66200
564,Hilliary,Tuanshansi,66300
565,Penn,Stony Hill,66400
566,Kathie,Kombolcha,66500
567,Bertie,Kota Bharu,66600
568,Wilmar,Asheville,66700
569,Cyndie,Itum-Kali,66800
570,Mina,Chelgard,66900
571,Danyelle,Ailigandí,67000
572,Letta,Krajan Nglinggis,67100
573,Decca,Osby,67200
574,Felipe,Belalcazar,67300
575,Riane,Korydallós,67400
576,Flynn,Domampot,67500
577,Joelynn,Tashla,67600
578,Mei,Ayolas,67700
579,Westbrook,Samadua,67800
580,Urbano,Fort Smith,67900
581,Anton,Rukaj,68000
582,Richy,Péplos,68100
583,Ches,Daji,68200
584,Jacobo,Taling,68300
585,Ethe,Solna,68400
586,Alvie,Oslo,68500
587,Niall,Cincinnati,68600
588,Sunshine,Naru,68700
589,Julie,Naga,68800
590,Ryley,Waterbury,68900
591,Gerik,Zibreira,69000
592,Jephthah,Jiantang,69100
593,Aubrey,Fécamp,69200
594,Byran,Wasquehal,69300
595,Robinet,Liminka,69400
596,Zonda,Shar’ya,69500
597,Addi,Magadan,69600
598,Terrence,Kampot,69700
599,Cari,Spitak,69800
600,Aundrea,Xinshi,69900
601,Cooper,Huangmao,70000
602,Winnie,Sernovodsk,70100
603,Lazaro,Yunping,70200
604,Toby,Zhongxin,70300
605,Rosa,Beigang,70400
606,Una,Zhongzhai,70500
607,Connor,Nazarje,70600
608,Otha,Gelgaudiškis,70700
609,Fannie,Kortesjärvi,70800
610,Ulysses,Hlusk,70900
611,Milena,Cikeusal,71000
612,Joni,Zengjia,71100
613,Ivett,Huangling,71200
614,Angil,Ocumare de la Costa,71300
615,Carlota,Shuangxi,71400
616,Forest,Guadalupe,71500
617,Kelcie,Jipijapa,71600
618,Yehudit,Sundsvall,71700
619,Aridatha,Vale Mourão,71800
620,Bernadette,Tagta,71900
621,Vannie,Casilda,72000
622,Vicki,Vetlanda,72100
623,Merrilee,Talca,72200
624,Margi,Iwaki,72300
625,Ruddie,Moravská Nová Ves,72400
626,Eden,Panino,72500
627,Rosene,Pasar,72600
628,Ximenes,Caopie,72700
629,Malvin,Charlotte,72800
630,Forrest,Outing,72900
631,Jerrome,Nantes,73000
632,Abba,Katovice,73100
633,Lionello,Maubeuge,73200
634,Brandy,Yunga,73300
635,Stanislas,Chahannao,73400
636,Esmaria,Taldan,73500
637,Vaughan,Västerås,73600
638,Fiann,Matingain,73700
639,Frank,Xiangfu,73800
640,Melba,Pärnu,73900
641,Roseline,Carrefour,74000
642,Carena,Dzhiginka,74100
643,Minne,Zhangdian,74200
644,Robers,Sceaux,74300
645,Daisy,Storuman,74400
646,Fay,Balesari,74500
647,Lu,Guilmaro,74600
648,Griffy,Asaita,74700
649,Siouxie,Huaqiao,74800
650,Maje,Caeté,74900
651,Hilary,Kranjska Gora,75000
652,Arte,Baranowo,75100
653,Hillel,Ipameri,75200
654,Denni,Bulianhe,75300
655,Fionnula,Kuhmo,75400
656,Becca,Khantaghy,75500
657,Thomasina,Rano,75600
658,Candis,Łużna,75700
659,Fulvia,Houston,75800
660,Gaby,Norrköping,75900
661,Pancho,Andongsari,76000
662,Joletta,Blois,76100
663,Lavinia,Mucllo,76200
664,Therine,Victoria,76300
665,Maressa,Litvínovice,76400
666,Constantin,Colonia Nicolich,76500
667,Ervin,Gunungkendeng,76600
668,Gabriele,Victoria,76700
669,Elwira,Knivsta,76800
670,Dorena,Prupuh,76900
671,Zora,Banfora,77000
672,Mendy,Seraya,77100
673,Claudio,Norrtälje,77200
674,Willa,Miān Channūn,77300
675,Mag,Sassandra,77400
676,Banky,Margoyoso,77500
677,Ebenezer,Tarariras,77600
678,Flory,Biguaçu,77700
679,Broderic,Lautoka,77800
680,Anastassia,Tangtuzhui,77900
681,Mattheus,Boshi,78000
682,Sibby,Gbadolite,78100
683,Lucie,Chodów,78200
684,Peggy,Sandviken,78300
685,Shantee,Monte Novo,78400
686,Doretta,Duwe,78500
687,Ardella,Puteaux,78600
688,Kiri,Santong,78700
689,Yale,Oemollo,78800
690,Agnola,Villa Paula de Sarmiento,78900
691,Upton,Huaylillas,79000
692,Orelie,Caringin,79100
693,Maisie,Adela,79200
694,Corissa,Guisijan,79300
695,Beatrisa,Xinyuan,79400
696,Kissie,Vani,79500
697,Kessiah,Saint-Brieuc,79600
698,Marijn,Guaçuí,79700
699,Juli,Siverskiy,79800
700,Prince,Nangalisan,79900
701,Andre,Kajiado,80000
702,Michael,Degerfors,80100
703,Kingsley,Palma De Mallorca,80200
704,Graig,Lieyu,80300
705,Pierre,Bromma,80400
706,Vaughn,Rio Grande da Serra,80500
707,Gail,Meziměstí,80600
708,Petronia,Tulle,80700
709,Felizio,Fullerton,80800
710,Ranice,Perpignan,80900
711,Franciska,Parawan,81000
712,Quintana,Valença,81100
713,Kristen,Pajannangger,81200
714,Lucia,Shimanovsk,81300
715,Wheeler,Newark,81400
716,Valentijn,Daweishan,81500
717,Curt,Witzenhausen,81600
718,Tomasine,Puerto Madryn,81700
719,Duky,Potok Złoty,81800
720,Shannen,Banag,81900
721,Leona,Binalonan,82000
722,Elyse,Merida,82100
723,Camel,Dasanlian Lauk,82200
724,Annabel,Muranovo,82300
725,Madlen,Talghar,82400
726,Octavius,Tafí Viejo,82500
727,Berta,Saint-Pierre,82600
728,Kristine,Dananyu,82700
729,Farlee,Passagem,82800
730,Jerrilyn,Caen,82900
731,Denis,Méru,83000
732,Reider,Krasni Okny,83100
733,Brinn,Zhugang,83200
734,Enos,Qiandian,83300
735,Giacomo,Guyangan,83400
736,Guss,Vilar do Pinheiro,83500
737,Dael,Miami,83600
738,Rubetta,Ban Bueng,83700
739,Irwinn,Täby,83800
740,Ancell,Jetaral,83900
741,Neysa,San Clemente,84000
742,Lisbeth,Leiden,84100
743,Neilla,Yanino Vtoroye,84200
744,Haley,Timon,84300
745,Mellie,San Jose,84400
746,Lucien,Velké Bílovice,84500
747,Shelley,Ansheng,84600
748,Illa,Heřmanova Huť,84700
749,Sophey,Kaloyanovo,84800
750,Lanette,Lužani,84900
751,Chloette,Basseterre,85000
752,Valeda,Huangliang,85100
753,Riley,Puerto Madryn,85200
754,Penrod,Novoaltaysk,85300
755,Cobb,Gonzalo Pizarro,85400
756,Abeu,Los Angeles,85500
757,Annabell,Port Area,85600
758,Leeann,Kulonkali,85700
759,Zacharie,Songying,85800
760,Malva,Maloyaroslavets,85900
761,Abigail,Phoenix,86000
762,Kippy,Mae Sot,86100
763,Benetta,Lidu,86200
764,Guglielmo,Krasnokuts’k,86300
765,Nanette,Kembangarum,86400
766,Dody,Mikhaylovka,86500
767,Pete,Yuli,86600
768,Marita,Soledade,86700
769,Michail,Ribamar,86800
770,Chilton,Stronie,86900
771,Ruth,Samangawah,87000
772,Elinor,Lapi,87100
773,Noni,Yanji,87200
774,Dilan,Bantarsari Kulon,87300
775,Rozella,Jāsim,87400
776,Velma,Orekhovo-Zuyevo,87500
777,Stearn,Baratã,87600
778,Evie,Hodkovice nad Mohelkou,87700
779,Joeann,Älvdalen,87800
780,Thomas,Magatos,87900
781,Tammi,Bozoum,88000
782,Elysee,Старо Нагоричане,88100
783,Channa,Altagracia de Orituco,88200
784,Erda,Huochang,88300
785,Benedict,Lobitos,88400
786,Nicol,Napnapan,88500
787,Josey,Chadong,88600
788,Teddie,El Viejo,88700
789,Georgine,Tulsa,88800
790,Benjamen,Changkeng,88900
791,Jarrod,Alemanguan,89000
792,Jamal,Yuncheng,89100
793,Horten,Bourail,89200
794,Debee,Freiburg im Breisgau,89300
795,Marybelle,Belomorsk,89400
796,Lynelle,Karanganyar,89500
797,Godfrey,Jajar,89600
798,Thibaut,Cicayur,89700
799,Gunar,Cuozheqiangma,89800
800,Meggi,Zhen’an,89900
801,Ludwig,Villa María,90000
802,Lovell,Verba,90100
803,Dorisa,Rāmganj,90200
804,Brandtr,Zākhū,90300
805,Murdock,Mayuan,90400
806,Hobard,Malysheva,90500
807,Brice,Lukavec,90600
808,Eziechiele,Châteauroux,90700
809,Gerick,Agnibilékrou,90800
810,Land,Guojia,90900
811,Emory,Mirovka,91000
812,Brennen,Aki,91100
813,Harrietta,Višnjevac,91200
814,Benny,Pital,91300
815,Cloris,Tupsan,91400
816,Meredith,La Fortuna,91500
817,Marla,Pingshanhu,91600
818,Rafaela,Aleksandrovka,91700
819,Konstantine,Chuncheng,91800
820,Benedicta,Marfino,91900
821,Ulises,Kananga,92000
822,Rochelle,Lianzhu,92100
823,Derek,Junzhuang,92200
824,Karna,Messejana,92300
825,Augusto,Daleman,92400
826,Rafferty,Lueng Putu,92500
827,Andrew,Bonn,92600
828,Jephthah,Gaoyan,92700
829,Letizia,Kizil,92800
830,Caroline,Ar Rujum,92900
831,Josi,Olinda,93000
832,Paquito,Blatná,93100
833,Tedra,Dodola,93200
834,Beverley,Luna,93300
835,Dyana,Farah,93400
836,Bill,Washington,93500
837,Gwendolyn,Sembungan Kidul,93600
838,Brendin,Kiaranonggeng,93700
839,Bowie,Boa Esperança,93800
840,Corbet,Srebrenik,93900
841,Chan,Cochadas,94000
842,Redd,Wysoka,94100
843,Lurline,Mandalgovi,94200
844,Gavrielle,Tokār,94300
845,Gerrilee,Ploso,94400
846,Gracia,Mongar,94500
847,Zachary,Washington,94600
848,Meade,Banbalah,94700
849,Hermon,Peicheng,94800
850,Anita,Helong,94900
851,Lorianne,Lazaro Cardenas,95000
852,Roberto,Vessada,95100
853,Noland,Xilaiqiao,95200
854,Tedda,Pocokan Satu,95300
855,Tiertza,Muleng,95400
856,Carmen,Namp’o,95500
857,Kaitlyn,Varazqān,95600
858,Petra,Dandai,95700
859,Gardner,Pateros,95800
860,Rodi,Lukunor,95900
861,Tasia,Sainte-Luce-sur-Loire,96000
862,Myrtia,Khueang Nai,96100
863,Jasmine,Shebalino,96200
864,Carolina,Kalampáka,96300
865,Clarice,Evxinoúpolis,96400
866,Simonette,Yajiang,96500
867,Rosaleen,Anicuns,96600
868,Zelma,Aldeia,96700
869,Camille,Vera,96800
870,Quinlan,Saint Andrews,96900
871,Myra,Nizhnevartovsk,97000
872,Christabella,Katwijk,97100
873,Kikelia,Dongtuan,97200
874,Antonetta,Pyrzyce,97300
875,Jessamine,Tarsouat,97400
876,Janeen,Chengtian,97500
877,Henriette,Qiqin,97600
878,Jan,Ādam,97700
879,Roderich,Konggar,97800
880,Harp,Lyntupy,97900
881,Valaree,Vysokovsk,98000
882,Cooper,Langpas,98100
883,Elden,Kampong Thom,98200
884,Theresita,Łobżenica,98300
885,Rana,Plast,98400
886,Erena,San Rafael,98500
887,Violette,Shetan,98600
888,Lily,La Tuque,98700
889,Ambrose,Xinshi,98800
890,Pet,Covão da Carvalha,98900
891,Merrielle,Bang Mun Nak,99000
892,Whitney,Mulan,99100
893,Glennis,Creil,99200
894,Bettina,Górki,99300
895,Fraze,New York City,99400
896,Leticia,Polevskoy,99500
897,Lucretia,Yeosu,99600
898,Giulio,Shādegān,99700
899,Andros,Serang,99800
900,Farrand,Gongjiang,99900
901,Christoforo,Constance,100000
902,Ingrid,Guanzhuang,100100
903,Remy,Shenavan,100200
904,Beverlie,Pulopaya,100300
905,Eugenius,Rio Preto da Eva,100400
906,Robbi,Livingstone,100500
907,Angelico,Jiayuguan,100600
908,Ernestus,Prince Albert,100700
909,Heidi,Fanzeres,100800
910,Pippo,Kerkrade,100900
911,Angel,Chernelytsya,101000
912,Ashlen,Chociwel,101100
913,Jonathan,Midlands,101200
914,Hinda,Katyr-Yurt,101300
915,Salvador,Gyodong,101400
916,Genevieve,Hongzhou,101500
917,Chloris,Ishëm,101600
918,Arlin,Guotan,101700
919,Fidela,Pak Phanang,101800
920,Tomasine,Yingcheng,101900
921,Karalynn,Imbituba,102000
922,Carmelina,Bronx,102100
923,Sauncho,Huangtan,102200
924,Genevieve,Pajo,102300
925,Tanner,Dangshun,102400
926,Ann,Gelan,102500
927,Myrle,Zheyuan,102600
928,Gottfried,Krajan Srigonco,102700
929,Augustine,Domont,102800
930,Marietta,Muslyumovo,102900
931,Jolyn,Shatian,103000
932,Cristionna,Thị Trấn Yên Châu,103100
933,Charmane,Zhaoguli,103200
934,Torey,Tiền Hải,103300
935,Jeanette,Dayton,103400
936,Jacenta,Liborina,103500
937,Riccardo,Čair,103600
938,Edy,Correia Pinto,103700
939,Aubrie,Ýdra,103800
940,Webb,Hưng Nguyên,103900
941,Even,Quzhou,104000
942,Brnaby,Tokarnia,104100
943,Sibeal,Lyubeshiv,104200
944,Lemuel,Tit Mellil,104300
945,Domini,Tyresö,104400
946,Agnese,Zielonka,104500
947,Sonni,Blučina,104600
948,Darryl,Tungelsta,104700
949,Mortimer,Voskopojë,104800
950,Willyt,Kedungkrajan,104900
951,Dalston,Valle Grande,105000
952,Jobi,Paicol,105100
953,Lissie,Huazhu,105200
954,Abie,Tbilisskaya,105300
955,Doy,Tanjungkerta,105400
956,Yuma,Tanjung Pandan,105500
957,Gary,Pittsburgh,105600
958,Glen,Gesikan,105700
959,Dorree,Krasnaya Poyma,105800
960,Rheba,Capulaan,105900
961,Pierre,Guihing Proper,106000
962,Alysa,Askainen,106100
963,Krysta,Ciharalang,106200
964,Devondra,Cherëmushki,106300
965,Allissa,Kosikha,106400
966,Kelcy,Dorchester,106500
967,Harbert,Batakte,106600
968,Terence,Forshaga,106700
969,Claybourne,Sysert’,106800
970,Delainey,Pilcomay,106900
971,Madlen,Broska,107000
972,Oberon,Borek,107100
973,Gauthier,Breia,107200
974,Theresina,Vällingby,107300
975,Evey,Beitan,107400
976,Arnold,Kildare,107500
977,Juliane,Aquiraz,107600
978,Glyn,Panggulan,107700
979,Bartholomeo,Lupak,107800
980,Patrice,Hongjiaguan,107900
981,Archibald,Béoumi,108000
982,Hardy,Pacora,108100
983,Lesya,Marieville,108200
984,Codie,Bandung,108300
985,Margareta,Calçada,108400
986,Oates,Luojiang,108500
987,Silvan,Gaohong,108600
988,Ceil,Kasiyan,108700
989,Kary,Liwonde,108800
990,Franky,Villaba,108900
991,Flinn,Solnechnyy,109000
992,Gianna,Chacarita,109100
993,Jedediah,Mawa,109200
994,Paloma,Senhor do Bonfim,109300
995,Leah,Charopó,109400
996,Massimo,Rantīs,109500
997,Lainey,Ndwedwe,109600
998,Gerrard,Chirpan,109700
999,Joeann,Ji’an,109800
1000,Flor,Jiaoba,109900
